DAQ_Elapsed_Time,V_mon,I_mon
0.0,0.3305201442562975,0.3459617752232589
0.1,0.3305201442562975,0.34564007457811385
0.2,0.3305201442562975,0.34564007457811385
0.3,0.3305201442562975,0.3459617752232589
0.4,0.33019844361115247,0.34564007457811385
0.5,0.33019844361115247,0.3453183739329688
0.6,0.33019844361115247,0.34564007457811385
0.7,0.33019844361115247,0.3453183739329688
0.8,0.33019844361115247,0.3459617752232589
0.9,0.33019844361115247,0.34564007457811385
1.0,0.33084184490144253,0.3459617752232589
1.1,0.33019844361115247,0.3459617752232589
1.2,0.3305201442562975,0.34564007457811385
1.3,0.33019844361115247,0.34564007457811385
1.4,0.3305201442562975,0.34564007457811385
1.5,0.3305201442562975,0.3459617752232589
1.6,0.33019844361115247,0.34564007457811385
1.7,0.32987674296600744,0.3453183739329688
1.8,0.33019844361115247,0.3453183739329688
1.9,0.33019844361115247,0.3453183739329688
2.0,0.3305201442562975,0.34564007457811385
2.1,0.32987674296600744,0.3453183739329688
2.2,0.33019844361115247,0.34564007457811385
2.3,0.33019844361115247,0.34564007457811385
2.4,0.3305201442562975,0.34564007457811385
2.5,0.32987674296600744,0.34564007457811385
2.6,0.32987674296600744,0.3453183739329688
2.7,0.33019844361115247,0.3449966732878238
2.8,0.32987674296600744,0.34564007457811385
2.9,0.32987674296600744,0.3453183739329688
3.0,0.33019844361115247,0.34564007457811385
3.1,0.33019844361115247,0.3453183739329688
3.2,0.33019844361115247,0.3453183739329688
3.3,0.32987674296600744,0.3453183739329688
3.4,0.3305201442562975,0.34564007457811385
3.5,0.32987674296600744,0.34564007457811385
3.6,0.33019844361115247,0.3459617752232589
3.7,0.3295550423208624,0.3453183739329688
3.8,0.3305201442562975,0.3449966732878238
3.9,0.33019844361115247,0.34564007457811385
4.0,0.32987674296600744,0.3453183739329688
4.1,0.32987674296600744,0.3459617752232589
4.2,0.33019844361115247,0.3453183739329688
4.3,0.32987674296600744,0.34564007457811385
4.4,0.32987674296600744,0.3449966732878238
4.5,0.32987674296600744,0.3449966732878238
4.6,0.32987674296600744,0.3453183739329688
4.7,0.33019844361115247,0.3449966732878238
4.8,0.32987674296600744,0.34467497264267877
4.9,0.33019844361115247,0.34564007457811385
5.0,0.33019844361115247,0.3453183739329688
5.1,0.32987674296600744,0.3453183739329688
5.2,0.32987674296600744,0.3449966732878238
5.3,0.3295550423208624,0.34467497264267877
5.4,0.32987674296600744,0.3453183739329688
5.5,0.3295550423208624,0.34564007457811385
5.6,0.32987674296600744,0.3449966732878238
5.7,0.32987674296600744,0.3453183739329688
5.8,0.3295550423208624,0.34564007457811385
5.9,0.33019844361115247,0.34467497264267877
6.0,0.32987674296600744,0.3449966732878238
6.1,0.32987674296600744,0.34467497264267877
6.2,0.3295550423208624,0.3449966732878238
6.3,0.32987674296600744,0.3449966732878238
6.4,0.32987674296600744,0.3453183739329688
6.5,0.32987674296600744,0.3453183739329688
6.6,0.3292333416757174,0.34467497264267877
6.7,0.3295550423208624,0.34467497264267877
6.8,0.32891164103057235,0.3449966732878238
6.9,0.32987674296600744,0.34467497264267877
7.0,0.3295550423208624,0.3453183739329688
7.1,0.32987674296600744,0.34467497264267877
7.2,0.32987674296600744,0.34467497264267877
7.3,0.3292333416757174,0.3453183739329688
7.4,0.32987674296600744,0.34435327199753374
7.5,0.32987674296600744,0.3453183739329688
7.6,0.3295550423208624,0.34564007457811385
7.7,0.3295550423208624,0.34435327199753374
7.8,0.32987674296600744,0.34564007457811385
7.9,0.3295550423208624,0.34435327199753374
8.0,0.3295550423208624,0.3449966732878238
8.1,0.3295550423208624,0.3449966732878238
8.2,0.3295550423208624,0.3449966732878238
8.3,0.3295550423208624,0.3449966732878238
8.4,0.3292333416757174,0.3449966732878238
8.5,0.3295550423208624,0.3453183739329688
8.6,0.3295550423208624,0.34467497264267877
8.7,0.3295550423208624,0.3449966732878238
8.8,0.3295550423208624,0.34467497264267877
8.9,0.3295550423208624,0.3449966732878238
9.0,0.33019844361115247,0.3459617752232589
9.1,0.32987674296600744,0.3453183739329688
9.2,0.33019844361115247,0.3459617752232589
9.3,0.33019844361115247,0.3459617752232589
9.4,0.33084184490144253,0.3459617752232589
9.5,0.33084184490144253,0.3459617752232589
9.6,0.3305201442562975,0.34660517651354894
9.7,0.33116354554658756,0.3459617752232589
9.8,0.33116354554658756,0.3462834758684039
9.9,0.33084184490144253,0.3462834758684039
10.0,0.33116354554658756,0.34564007457811385
10.1,0.33084184490144253,0.34660517651354894
10.2,0.3305201442562975,0.34660517651354894
10.3,0.33116354554658756,0.34660517651354894
10.4,0.3305201442562975,0.34564007457811385
10.5,0.3305201442562975,0.3462834758684039
10.6,0.33116354554658756,0.3462834758684039
10.7,0.33116354554658756,0.3462834758684039
10.8,0.33116354554658756,0.3462834758684039
10.9,0.33116354554658756,0.3462834758684039
11.0,0.3318069468368776,0.3459617752232589
11.1,0.33116354554658756,0.34660517651354894
11.2,0.33116354554658756,0.3459617752232589
11.3,0.33116354554658756,0.3462834758684039
11.4,0.3314852461917326,0.34660517651354894
11.5,0.33116354554658756,0.34660517651354894
11.6,0.33116354554658756,0.34660517651354894
11.7,0.3314852461917326,0.3462834758684039
11.8,0.3314852461917326,0.34660517651354894
11.9,0.33116354554658756,0.3462834758684039
12.0,0.3314852461917326,0.34660517651354894
12.1,0.33084184490144253,0.34692687715869397
12.2,0.33116354554658756,0.3462834758684039
12.3,0.33116354554658756,0.3462834758684039
12.4,0.33084184490144253,0.3459617752232589
12.5,0.33084184490144253,0.3462834758684039
12.6,0.33116354554658756,0.34660517651354894
12.7,0.33084184490144253,0.3462834758684039
12.8,0.3318069468368776,0.3462834758684039
12.9,0.3314852461917326,0.34660517651354894
13.0,0.3318069468368776,0.34660517651354894
13.1,0.33116354554658756,0.34660517651354894
13.2,0.3305201442562975,0.3462834758684039
13.3,0.33116354554658756,0.3462834758684039
13.4,0.3314852461917326,0.3462834758684039
13.5,0.33116354554658756,0.3462834758684039
13.6,0.3314852461917326,0.34660517651354894
13.7,0.33084184490144253,0.3459617752232589
13.8,0.33084184490144253,0.3462834758684039
13.9,0.33116354554658756,0.3459617752232589
14.0,0.33084184490144253,0.34660517651354894
14.1,0.33084184490144253,0.34660517651354894
14.2,0.3305201442562975,0.3459617752232589
14.3,0.3314852461917326,0.3459617752232589
14.4,0.3314852461917326,0.34564007457811385
14.5,0.33116354554658756,0.3462834758684039
14.6,0.33116354554658756,0.3462834758684039
14.7,0.33084184490144253,0.3462834758684039
14.8,0.33084184490144253,0.3459617752232589
14.9,0.33116354554658756,0.3459617752232589
15.0,0.3314852461917326,0.3462834758684039
15.1,0.33116354554658756,0.3462834758684039
15.2,0.33084184490144253,0.3462834758684039
15.3,0.3314852461917326,0.34660517651354894
15.4,0.33116354554658756,0.3459617752232589
15.5,0.3305201442562975,0.3459617752232589
15.6,0.33116354554658756,0.34564007457811385
15.7,0.33084184490144253,0.3462834758684039
15.8,0.33084184490144253,0.3459617752232589
15.9,0.33084184490144253,0.34564007457811385
16.0,0.33116354554658756,0.3462834758684039
16.1,0.33084184490144253,0.34564007457811385
16.2,0.33019844361115247,0.3462834758684039
16.3,0.33116354554658756,0.34660517651354894
16.4,0.33084184490144253,0.3462834758684039
16.5,0.33084184490144253,0.3462834758684039
16.6,0.3305201442562975,0.34564007457811385
16.7,0.33084184490144253,0.3459617752232589
16.8,0.33084184490144253,0.3459617752232589
16.9,0.33116354554658756,0.3462834758684039
17.0,0.33084184490144253,0.3459617752232589
17.1,0.33116354554658756,0.3462834758684039
17.2,0.33116354554658756,0.3462834758684039
17.3,0.33084184490144253,0.3462834758684039
17.4,0.33084184490144253,0.3462834758684039
17.5,0.33116354554658756,0.3462834758684039
17.6,0.33084184490144253,0.34564007457811385
17.7,0.33084184490144253,0.3462834758684039
17.8,0.3314852461917326,0.34564007457811385
17.9,0.33116354554658756,0.3459617752232589
18.0,0.3305201442562975,0.3459617752232589
18.1,0.33084184490144253,0.3459617752232589
18.2,0.33084184490144253,0.34660517651354894
18.3,0.33116354554658756,0.3459617752232589
18.4,0.3314852461917326,0.3462834758684039
18.5,0.33084184490144253,0.34660517651354894
18.6,0.33116354554658756,0.34564007457811385
18.7,0.33116354554658756,0.3462834758684039
18.8,0.33116354554658756,0.3462834758684039
18.9,0.33116354554658756,0.3462834758684039
19.0,0.33116354554658756,0.3459617752232589
19.1,0.3305201442562975,0.3459617752232589
19.2,0.33084184490144253,0.3462834758684039
19.3,0.33116354554658756,0.3453183739329688
19.4,0.33084184490144253,0.3459617752232589
19.5,0.33116354554658756,0.3459617752232589
19.6,0.33116354554658756,0.3462834758684039
19.7,0.33116354554658756,0.3462834758684039
19.8,0.3305201442562975,0.3459617752232589
19.9,0.3305201442562975,0.3459617752232589
20.0,0.3305201442562975,0.3459617752232589
20.1,0.33084184490144253,0.3459617752232589
20.2,0.33116354554658756,0.34564007457811385
20.3,0.3305201442562975,0.34564007457811385
20.4,0.33084184490144253,0.3459617752232589
20.5,0.33084184490144253,0.3459617752232589
20.6,0.33116354554658756,0.3459617752232589
20.7,0.33084184490144253,0.34660517651354894
20.8,0.33084184490144253,0.3459617752232589
20.9,0.33084184490144253,0.34564007457811385
21.0,0.33084184490144253,0.34660517651354894
21.1,0.3305201442562975,0.3459617752232589
21.2,0.33084184490144253,0.3459617752232589
21.3,0.3305201442562975,0.3459617752232589
21.4,0.33084184490144253,0.3459617752232589
21.5,0.33084184490144253,0.3462834758684039
21.6,0.33116354554658756,0.3462834758684039
21.7,0.3305201442562975,0.3462834758684039
21.8,0.3305201442562975,0.3459617752232589
21.9,0.3305201442562975,0.3459617752232589
22.0,0.33084184490144253,0.3459617752232589
22.1,0.33084184490144253,0.34564007457811385
22.2,0.33084184490144253,0.34564007457811385
22.3,0.3305201442562975,0.3459617752232589
22.4,0.33116354554658756,0.34564007457811385
22.5,0.3305201442562975,0.3459617752232589
22.6,0.33116354554658756,0.3459617752232589
22.7,0.3305201442562975,0.34564007457811385
22.8,0.33116354554658756,0.3459617752232589
22.9,0.3305201442562975,0.3459617752232589
23.0,0.33116354554658756,0.34564007457811385
23.1,0.3305201442562975,0.34564007457811385
23.2,0.3305201442562975,0.34564007457811385
23.3,0.3305201442562975,0.34564007457811385
23.4,0.3305201442562975,0.34564007457811385
23.5,0.33084184490144253,0.34564007457811385
23.6,0.33084184490144253,0.34564007457811385
23.7,0.3305201442562975,0.3459617752232589
23.8,0.33116354554658756,0.34660517651354894
23.9,0.33084184490144253,0.3459617752232589
24.0,0.3305201442562975,0.34564007457811385
24.1,0.33019844361115247,0.34564007457811385
24.2,0.33084184490144253,0.3459617752232589
24.3,0.33084184490144253,0.34564007457811385
24.4,0.3305201442562975,0.34564007457811385
24.5,0.3305201442562975,0.3459617752232589
24.6,0.33019844361115247,0.34564007457811385
24.7,0.32987674296600744,0.34564007457811385
24.8,0.3305201442562975,0.34564007457811385
24.9,0.3305201442562975,0.34564007457811385
25.0,0.33019844361115247,0.3459617752232589
25.1,0.33116354554658756,0.34564007457811385
25.2,0.33084184490144253,0.3462834758684039
25.3,0.33084184490144253,0.34564007457811385
25.4,0.33116354554658756,0.3459617752232589
25.5,0.32987674296600744,0.34564007457811385
25.6,0.33116354554658756,0.34564007457811385
25.7,0.33116354554658756,0.3462834758684039
25.8,0.3305201442562975,0.3459617752232589
25.9,0.33084184490144253,0.3453183739329688
26.0,0.33084184490144253,0.34564007457811385
26.1,0.33084184490144253,0.3453183739329688
26.2,0.3305201442562975,0.34564007457811385
26.3,0.33084184490144253,0.3453183739329688
26.4,0.3305201442562975,0.34564007457811385
26.5,0.3305201442562975,0.34564007457811385
26.6,0.3305201442562975,0.34564007457811385
26.7,0.33084184490144253,0.3462834758684039
26.8,0.3305201442562975,0.3453183739329688
26.9,0.33084184490144253,0.34564007457811385
27.0,0.33084184490144253,0.3453183739329688
27.1,0.3305201442562975,0.34564007457811385
27.2,0.3305201442562975,0.34564007457811385
27.3,0.3305201442562975,0.3462834758684039
27.4,0.33019844361115247,0.34564007457811385
27.5,0.33019844361115247,0.34564007457811385
27.6,0.33084184490144253,0.3459617752232589
27.7,0.33019844361115247,0.34564007457811385
27.8,0.3305201442562975,0.34564007457811385
27.9,0.33019844361115247,0.34564007457811385
28.0,0.33084184490144253,0.3459617752232589
28.1,0.3305201442562975,0.34564007457811385
28.2,0.33019844361115247,0.34564007457811385
28.3,0.33084184490144253,0.34564007457811385
28.4,0.3305201442562975,0.34564007457811385
28.5,0.3305201442562975,0.34564007457811385
28.6,0.33084184490144253,0.3462834758684039
28.7,0.33019844361115247,0.3449966732878238
28.8,0.33019844361115247,0.3459617752232589
28.9,0.3305201442562975,0.34564007457811385
29.0,0.33084184490144253,0.3459617752232589
29.1,0.33116354554658756,0.34564007457811385
29.2,0.3305201442562975,0.34564007457811385
29.3,0.3305201442562975,0.3459617752232589
29.4,0.33084184490144253,0.3459617752232589
29.5,0.33019844361115247,0.34564007457811385
29.6,0.33019844361115247,0.3453183739329688
29.7,0.33084184490144253,0.34564007457811385
29.8,0.33019844361115247,0.3459617752232589
29.9,0.33019844361115247,0.3462834758684039
30.0,0.33084184490144253,0.34564007457811385
30.1,0.33084184490144253,0.34564007457811385
30.2,0.3305201442562975,0.34564007457811385
30.3,0.3305201442562975,0.34564007457811385
30.4,0.33019844361115247,0.3453183739329688
30.5,0.3305201442562975,0.34564007457811385
30.6,0.33084184490144253,0.34564007457811385
30.7,0.3305201442562975,0.3459617752232589
30.8,0.3305201442562975,0.34564007457811385
30.9,0.33019844361115247,0.3449966732878238
31.0,0.33084184490144253,0.34564007457811385
31.1,0.3305201442562975,0.34564007457811385
31.2,0.33019844361115247,0.34564007457811385
31.3,0.33019844361115247,0.3453183739329688
31.4,0.33019844361115247,0.34564007457811385
31.5,0.33019844361115247,0.34564007457811385
31.6,0.33019844361115247,0.34564007457811385
31.7,0.3305201442562975,0.3453183739329688
31.8,0.33019844361115247,0.3453183739329688
31.9,0.33019844361115247,0.3453183739329688
32.0,0.33116354554658756,0.3453183739329688
32.1,0.3305201442562975,0.34564007457811385
32.2,0.3305201442562975,0.3449966732878238
32.3,0.33019844361115247,0.3453183739329688
32.4,0.33019844361115247,0.34564007457811385
32.5,0.33084184490144253,0.3453183739329688
32.6,0.3305201442562975,0.34564007457811385
32.7,0.33019844361115247,0.34564007457811385
32.8,0.32987674296600744,0.3453183739329688
32.9,0.3305201442562975,0.34564007457811385
33.0,0.3305201442562975,0.34564007457811385
33.1,0.3305201442562975,0.3453183739329688
33.2,0.33019844361115247,0.3453183739329688
33.3,0.33019844361115247,0.3453183739329688
33.4,0.32987674296600744,0.3459617752232589
33.5,0.33019844361115247,0.3459617752232589
33.6,0.3305201442562975,0.34564007457811385
33.7,0.3305201442562975,0.3453183739329688
33.8,0.32987674296600744,0.3453183739329688
33.9,0.33019844361115247,0.3453183739329688
34.0,0.3305201442562975,0.3459617752232589
34.1,0.3305201442562975,0.34564007457811385
34.2,0.3305201442562975,0.34564007457811385
34.3,0.3305201442562975,0.3453183739329688
34.4,0.32987674296600744,0.34564007457811385
34.5,0.3305201442562975,0.34564007457811385
34.6,0.32987674296600744,0.3449966732878238
34.7,0.3305201442562975,0.34564007457811385
34.8,0.3305201442562975,0.3453183739329688
34.9,0.33019844361115247,0.3449966732878238
35.0,0.33019844361115247,0.34564007457811385
35.1,0.33019844361115247,0.34564007457811385
35.2,0.3305201442562975,0.34564007457811385
35.3,0.32987674296600744,0.34564007457811385
35.4,0.3295550423208624,0.3449966732878238
35.5,0.33019844361115247,0.34564007457811385
35.6,0.33019844361115247,0.3449966732878238
35.7,0.32987674296600744,0.3453183739329688
35.8,0.33019844361115247,0.3453183739329688
35.9,0.3305201442562975,0.34564007457811385
36.0,0.3305201442562975,0.34564007457811385
36.1,0.32987674296600744,0.3453183739329688
36.2,0.33019844361115247,0.3449966732878238
36.3,0.3305201442562975,0.3449966732878238
36.4,0.3305201442562975,0.3453183739329688
36.5,0.33019844361115247,0.3449966732878238
36.6,0.3305201442562975,0.3453183739329688
36.7,0.33019844361115247,0.34564007457811385
36.8,0.33019844361115247,0.3449966732878238
36.9,0.3305201442562975,0.3453183739329688
37.0,0.33019844361115247,0.34564007457811385
37.1,0.33019844361115247,0.3453183739329688
37.2,0.33019844361115247,0.3453183739329688
37.3,0.33019844361115247,0.3453183739329688
37.4,0.32987674296600744,0.34564007457811385
37.5,0.33019844361115247,0.34564007457811385
37.6,0.32987674296600744,0.3453183739329688
37.7,0.33019844361115247,0.3449966732878238
37.8,0.33019844361115247,0.3449966732878238
37.9,0.3305201442562975,0.3453183739329688
38.0,0.3295550423208624,0.3449966732878238
38.1,0.32987674296600744,0.34564007457811385
38.2,0.3305201442562975,0.34564007457811385
38.3,0.33019844361115247,0.3453183739329688
38.4,0.33019844361115247,0.3453183739329688
38.5,0.33019844361115247,0.34564007457811385
38.6,0.33019844361115247,0.3453183739329688
38.7,0.33019844361115247,0.34564007457811385
38.8,0.3305201442562975,0.34564007457811385
38.9,0.32987674296600744,0.3453183739329688
39.0,0.3305201442562975,0.3449966732878238
39.1,0.3305201442562975,0.3449966732878238
39.2,0.32987674296600744,0.3459617752232589
39.3,0.33019844361115247,0.34564007457811385
39.4,0.33019844361115247,0.34564007457811385
39.5,0.33019844361115247,0.3449966732878238
39.6,0.33084184490144253,0.3449966732878238
39.7,0.32987674296600744,0.3453183739329688
39.8,0.33019844361115247,0.3453183739329688
39.9,0.32987674296600744,0.3449966732878238
40.0,0.3295550423208624,0.3453183739329688
40.1,0.3305201442562975,0.3453183739329688
40.2,0.32987674296600744,0.34564007457811385
40.3,0.33019844361115247,0.3449966732878238
40.4,0.32987674296600744,0.3453183739329688
40.5,0.33019844361115247,0.3453183739329688
40.6,0.32987674296600744,0.3449966732878238
40.7,0.32987674296600744,0.3453183739329688
40.8,0.3305201442562975,0.3453183739329688
40.9,0.3295550423208624,0.3449966732878238
41.0,0.33019844361115247,0.34564007457811385
41.1,0.33019844361115247,0.3449966732878238
41.2,0.33019844361115247,0.3453183739329688
41.3,0.33019844361115247,0.3449966732878238
41.4,0.33019844361115247,0.3459617752232589
41.5,0.32987674296600744,0.3453183739329688
41.6,0.32987674296600744,0.3453183739329688
41.7,0.33019844361115247,0.3453183739329688
41.8,0.3305201442562975,0.3449966732878238
41.9,0.3295550423208624,0.3453183739329688
42.0,0.33019844361115247,0.3453183739329688
42.1,0.3295550423208624,0.3453183739329688
42.2,0.32987674296600744,0.34564007457811385
42.3,0.3305201442562975,0.34467497264267877
42.4,0.32987674296600744,0.3449966732878238
42.5,0.33019844361115247,0.3453183739329688
42.6,0.3305201442562975,0.3453183739329688
42.7,0.33019844361115247,0.3449966732878238
42.8,0.33019844361115247,0.3459617752232589
42.9,0.32987674296600744,0.3453183739329688
43.0,0.33019844361115247,0.3453183739329688
43.1,0.33019844361115247,0.34467497264267877
43.2,0.33019844361115247,0.3453183739329688
43.3,0.33019844361115247,0.34564007457811385
43.4,0.3305201442562975,0.3459617752232589
43.5,0.32987674296600744,0.3453183739329688
43.6,0.3295550423208624,0.34564007457811385
43.7,0.33019844361115247,0.3449966732878238
43.8,0.32987674296600744,0.3453183739329688
43.9,0.3305201442562975,0.3449966732878238
44.0,0.33019844361115247,0.3453183739329688
44.1,0.3295550423208624,0.3449966732878238
44.2,0.32987674296600744,0.3449966732878238
44.3,0.3305201442562975,0.3449966732878238
44.4,0.3295550423208624,0.3453183739329688
44.5,0.3305201442562975,0.3449966732878238
44.6,0.32987674296600744,0.3449966732878238
44.7,0.32987674296600744,0.34435327199753374
44.8,0.3305201442562975,0.3449966732878238
44.9,0.32987674296600744,0.3453183739329688
45.0,0.32987674296600744,0.3449966732878238
45.1,0.32987674296600744,0.3449966732878238
45.2,0.3295550423208624,0.34564007457811385
45.3,0.32987674296600744,0.34467497264267877
45.4,0.3295550423208624,0.34467497264267877
45.5,0.33019844361115247,0.3449966732878238
45.6,0.32987674296600744,0.3453183739329688
45.7,0.33019844361115247,0.3453183739329688
45.8,0.33019844361115247,0.3449966732878238
45.9,0.33019844361115247,0.3453183739329688
46.0,0.32987674296600744,0.3453183739329688
46.1,0.3305201442562975,0.3449966732878238
46.2,0.3295550423208624,0.3453183739329688
46.3,0.3295550423208624,0.34467497264267877
46.4,0.33019844361115247,0.3449966732878238
46.5,0.33019844361115247,0.3449966732878238
46.6,0.3295550423208624,0.3453183739329688
46.7,0.3295550423208624,0.3453183739329688
46.8,0.33019844361115247,0.3453183739329688
46.9,0.3295550423208624,0.3449966732878238
47.0,0.32987674296600744,0.34467497264267877
47.1,0.32987674296600744,0.3453183739329688
47.2,0.32987674296600744,0.3453183739329688
47.3,0.3305201442562975,0.34467497264267877
47.4,0.33019844361115247,0.3453183739329688
47.5,0.32987674296600744,0.3449966732878238
47.6,0.33019844361115247,0.3449966732878238
47.7,0.33019844361115247,0.34435327199753374
47.8,0.33019844361115247,0.3453183739329688
47.9,0.32987674296600744,0.3449966732878238
48.0,0.32987674296600744,0.3453183739329688
48.1,0.3305201442562975,0.3453183739329688
48.2,0.32987674296600744,0.3449966732878238
48.3,0.3295550423208624,0.34467497264267877
48.4,0.32987674296600744,0.34467497264267877
48.5,0.3305201442562975,0.3453183739329688
48.6,0.3295550423208624,0.34467497264267877
48.7,0.32987674296600744,0.34564007457811385
48.8,0.3292333416757174,0.3449966732878238
48.9,0.33019844361115247,0.3453183739329688
49.0,0.3295550423208624,0.3449966732878238
49.1,0.33019844361115247,0.3449966732878238
49.2,0.3295550423208624,0.3453183739329688
49.3,0.33019844361115247,0.3449966732878238
49.4,0.32987674296600744,0.34435327199753374
49.5,0.3295550423208624,0.3453183739329688
49.6,0.3295550423208624,0.3449966732878238
49.7,0.3292333416757174,0.34467497264267877
49.8,0.32987674296600744,0.3449966732878238
49.9,0.33019844361115247,0.34564007457811385
50.0,0.32987674296600744,0.34564007457811385
50.1,0.32987674296600744,0.3449966732878238
50.2,0.33019844361115247,0.3449966732878238
50.3,0.32987674296600744,0.3449966732878238
50.4,0.32987674296600744,0.3449966732878238
50.5,0.32987674296600744,0.3449966732878238
50.6,0.32987674296600744,0.3449966732878238
50.7,0.33019844361115247,0.3449966732878238
50.8,0.32987674296600744,0.3453183739329688
50.9,0.32987674296600744,0.3449966732878238
51.0,0.33019844361115247,0.3449966732878238
51.1,0.33019844361115247,0.34467497264267877
51.2,0.32987674296600744,0.34564007457811385
51.3,0.3295550423208624,0.3449966732878238
51.4,0.33019844361115247,0.3449966732878238
51.5,0.3295550423208624,0.3449966732878238
51.6,0.33019844361115247,0.3453183739329688
51.7,0.32987674296600744,0.34564007457811385
51.8,0.32987674296600744,0.3453183739329688
51.9,0.32987674296600744,0.3449966732878238
52.0,0.3292333416757174,0.3449966732878238
52.1,0.32987674296600744,0.3449966732878238
52.2,0.32987674296600744,0.3449966732878238
52.3,0.3295550423208624,0.34467497264267877
52.4,0.3295550423208624,0.3453183739329688
52.5,0.32987674296600744,0.34467497264267877
52.6,0.32987674296600744,0.3453183739329688
52.7,0.32987674296600744,0.3453183739329688
52.8,0.3292333416757174,0.34467497264267877
52.9,0.32987674296600744,0.3449966732878238
53.0,0.32987674296600744,0.3449966732878238
53.1,0.3295550423208624,0.3449966732878238
53.2,0.3295550423208624,0.3449966732878238
53.3,0.33019844361115247,0.3453183739329688
53.4,0.33019844361115247,0.3449966732878238
53.5,0.32987674296600744,0.3449966732878238
53.6,0.3295550423208624,0.34467497264267877
53.7,0.32891164103057235,0.3449966732878238
53.8,0.3295550423208624,0.3453183739329688
53.9,0.3295550423208624,0.3449966732878238
54.0,0.32987674296600744,0.3453183739329688
54.1,0.3305201442562975,0.3449966732878238
54.2,0.3295550423208624,0.3449966732878238
54.3,0.3295550423208624,0.3449966732878238
54.4,0.3295550423208624,0.3449966732878238
54.5,0.32987674296600744,0.3449966732878238
54.6,0.33019844361115247,0.34467497264267877
54.7,0.32987674296600744,0.34467497264267877
54.8,0.3295550423208624,0.3453183739329688
54.9,0.3295550423208624,0.3453183739329688
55.0,0.3292333416757174,0.34467497264267877
55.1,0.32987674296600744,0.3449966732878238
55.2,0.32987674296600744,0.3449966732878238
55.3,0.3295550423208624,0.3453183739329688
55.4,0.32987674296600744,0.3449966732878238
55.5,0.3295550423208624,0.34467497264267877
55.6,0.32987674296600744,0.3449966732878238
55.7,0.32987674296600744,0.34467497264267877
55.8,0.3295550423208624,0.3453183739329688
55.9,0.3295550423208624,0.34467497264267877
56.0,0.32987674296600744,0.3449966732878238
56.1,0.3295550423208624,0.3453183739329688
56.2,0.3292333416757174,0.3449966732878238
56.3,0.32987674296600744,0.3449966732878238
56.4,0.3295550423208624,0.34467497264267877
56.5,0.32987674296600744,0.34564007457811385
56.6,0.33019844361115247,0.34467497264267877
56.7,0.33019844361115247,0.34435327199753374
56.8,0.32987674296600744,0.3453183739329688
56.9,0.32987674296600744,0.34467497264267877
57.0,0.3295550423208624,0.34435327199753374
57.1,0.33019844361115247,0.3449966732878238
57.2,0.33019844361115247,0.3449966732878238
57.3,0.33019844361115247,0.34467497264267877
57.4,0.3295550423208624,0.3449966732878238
57.5,0.32987674296600744,0.34564007457811385
57.6,0.3292333416757174,0.3453183739329688
57.7,0.32987674296600744,0.3449966732878238
57.8,0.3295550423208624,0.3449966732878238
57.9,0.3295550423208624,0.3449966732878238
58.0,0.32987674296600744,0.3453183739329688
58.1,0.33019844361115247,0.34467497264267877
58.2,0.33019844361115247,0.34467497264267877
58.3,0.32987674296600744,0.34467497264267877
58.4,0.3295550423208624,0.34467497264267877
58.5,0.32987674296600744,0.34467497264267877
58.6,0.3305201442562975,0.34467497264267877
58.7,0.32987674296600744,0.3449966732878238
58.8,0.32987674296600744,0.3440315713523887
58.9,0.3292333416757174,0.3449966732878238
59.0,0.3295550423208624,0.34467497264267877
59.1,0.3295550423208624,0.3449966732878238
59.2,0.3295550423208624,0.34467497264267877
59.3,0.3295550423208624,0.3453183739329688
59.4,0.32987674296600744,0.34467497264267877
59.5,0.3295550423208624,0.3449966732878238
59.6,0.3295550423208624,0.34467497264267877
59.7,0.3292333416757174,0.3449966732878238
59.8,0.3292333416757174,0.3453183739329688
59.9,0.3295550423208624,0.3449966732878238
60.0,0.3292333416757174,0.3449966732878238
60.1,0.3292333416757174,0.34467497264267877
60.2,0.3295550423208624,0.34467497264267877
60.3,0.32987674296600744,0.34467497264267877
60.4,0.3295550423208624,0.34467497264267877
60.5,0.32987674296600744,0.34467497264267877
60.6,0.32987674296600744,0.3449966732878238
60.7,0.32987674296600744,0.3449966732878238
60.8,0.3295550423208624,0.3449966732878238
60.9,0.3295550423208624,0.3449966732878238
61.0,0.3292333416757174,0.34564007457811385
61.1,0.3295550423208624,0.3449966732878238
61.2,0.3295550423208624,0.34467497264267877
61.3,0.32987674296600744,0.34435327199753374
61.4,0.33019844361115247,0.3449966732878238
61.5,0.3292333416757174,0.3449966732878238
61.6,0.32987674296600744,0.3449966732878238
61.7,0.32987674296600744,0.34435327199753374
61.8,0.32987674296600744,0.34467497264267877
61.9,0.3295550423208624,0.3449966732878238
62.0,0.3295550423208624,0.34467497264267877
62.1,0.3292333416757174,0.34435327199753374
62.2,0.3292333416757174,0.34467497264267877
62.3,0.3295550423208624,0.3449966732878238
62.4,0.33019844361115247,0.3449966732878238
62.5,0.3292333416757174,0.34467497264267877
62.6,0.3292333416757174,0.34467497264267877
62.7,0.3295550423208624,0.3449966732878238
62.8,0.3295550423208624,0.34467497264267877
62.9,0.3295550423208624,0.3449966732878238
63.0,0.3295550423208624,0.3449966732878238
63.1,0.3292333416757174,0.3453183739329688
63.2,0.3295550423208624,0.3449966732878238
63.3,0.32987674296600744,0.3449966732878238
63.4,0.3292333416757174,0.3449966732878238
63.5,0.3292333416757174,0.3449966732878238
63.6,0.3295550423208624,0.34467497264267877
63.7,0.33019844361115247,0.3449966732878238
63.8,0.3292333416757174,0.34467497264267877
63.9,0.3292333416757174,0.3449966732878238
64.0,0.3292333416757174,0.34467497264267877
64.1,0.32987674296600744,0.34467497264267877
64.2,0.32987674296600744,0.34467497264267877
64.3,0.3292333416757174,0.3449966732878238
64.4,0.3292333416757174,0.3449966732878238
64.5,0.3295550423208624,0.34467497264267877
64.6,0.3292333416757174,0.3449966732878238
64.7,0.3295550423208624,0.3449966732878238
64.8,0.32987674296600744,0.3449966732878238
64.9,0.32987674296600744,0.3449966732878238
65.0,0.3292333416757174,0.34467497264267877
65.1,0.3295550423208624,0.34467497264267877
65.2,0.3292333416757174,0.34435327199753374
65.3,0.3295550423208624,0.34467497264267877
65.4,0.3295550423208624,0.34467497264267877
65.5,0.32987674296600744,0.34467497264267877
65.6,0.32987674296600744,0.3449966732878238
65.7,0.3292333416757174,0.3449966732878238
65.8,0.32987674296600744,0.34435327199753374
65.9,0.32987674296600744,0.3449966732878238
66.0,0.32987674296600744,0.3449966732878238
66.1,0.3295550423208624,0.34467497264267877
66.2,0.32987674296600744,0.3449966732878238
66.3,0.32987674296600744,0.34467497264267877
66.4,0.3292333416757174,0.3449966732878238
66.5,0.32987674296600744,0.3449966732878238
66.6,0.3295550423208624,0.34467497264267877
66.7,0.33019844361115247,0.34435327199753374
66.8,0.3295550423208624,0.3449966732878238
66.9,0.3292333416757174,0.3449966732878238
67.0,0.32987674296600744,0.3449966732878238
67.1,0.3295550423208624,0.34467497264267877
67.2,0.32987674296600744,0.34467497264267877
67.3,0.3295550423208624,0.34467497264267877
67.4,0.3295550423208624,0.3453183739329688
67.5,0.3295550423208624,0.34435327199753374
67.6,0.3295550423208624,0.34435327199753374
67.7,0.32987674296600744,0.3453183739329688
67.8,0.3295550423208624,0.3453183739329688
67.9,0.32987674296600744,0.3453183739329688
68.0,0.3295550423208624,0.34467497264267877
68.1,0.3295550423208624,0.3449966732878238
68.2,0.3292333416757174,0.34467497264267877
68.3,0.3292333416757174,0.3449966732878238
68.4,0.32987674296600744,0.34467497264267877
68.5,0.32987674296600744,0.3453183739329688
68.6,0.3295550423208624,0.34467497264267877
68.7,0.3295550423208624,0.34467497264267877
68.8,0.3295550423208624,0.34435327199753374
68.9,0.3295550423208624,0.34467497264267877
69.0,0.3295550423208624,0.34467497264267877
69.1,0.32987674296600744,0.34467497264267877
69.2,0.3295550423208624,0.34467497264267877
69.3,0.3295550423208624,0.34467497264267877
69.4,0.32987674296600744,0.34467497264267877
69.5,0.3292333416757174,0.3449966732878238
69.6,0.3292333416757174,0.34435327199753374
69.7,0.3292333416757174,0.34467497264267877
69.8,0.3292333416757174,0.34467497264267877
69.9,0.32987674296600744,0.3449966732878238
70.0,0.3295550423208624,0.3449966732878238
70.1,0.3292333416757174,0.34467497264267877
70.2,0.3292333416757174,0.34467497264267877
70.3,0.3292333416757174,0.3449966732878238
70.4,0.3295550423208624,0.34467497264267877
70.5,0.3295550423208624,0.3449966732878238
70.6,0.3295550423208624,0.3449966732878238
70.7,0.3295550423208624,0.34467497264267877
70.8,0.3295550423208624,0.3453183739329688
70.9,0.3295550423208624,0.34435327199753374
71.0,0.33019844361115247,0.34467497264267877
71.1,0.3292333416757174,0.34467497264267877
71.2,0.32987674296600744,0.3449966732878238
71.3,0.3295550423208624,0.3449966732878238
71.4,0.3295550423208624,0.3449966732878238
71.5,0.3292333416757174,0.34467497264267877
71.6,0.3295550423208624,0.3449966732878238
71.7,0.3295550423208624,0.3453183739329688
71.8,0.3295550423208624,0.34467497264267877
71.9,0.3292333416757174,0.34435327199753374
72.0,0.32987674296600744,0.3449966732878238
72.1,0.3295550423208624,0.34467497264267877
72.2,0.32987674296600744,0.3449966732878238
72.3,0.3295550423208624,0.34435327199753374
72.4,0.3295550423208624,0.3449966732878238
72.5,0.3295550423208624,0.34435327199753374
72.6,0.3295550423208624,0.34467497264267877
72.7,0.3295550423208624,0.34467497264267877
72.8,0.3292333416757174,0.3449966732878238
72.9,0.32987674296600744,0.34467497264267877
73.0,0.3295550423208624,0.34467497264267877
73.1,0.3295550423208624,0.34467497264267877
73.2,0.3295550423208624,0.34467497264267877
73.3,0.32987674296600744,0.34467497264267877
73.4,0.3295550423208624,0.34467497264267877
73.5,0.3295550423208624,0.3449966732878238
73.6,0.3292333416757174,0.34467497264267877
73.7,0.3292333416757174,0.34467497264267877
73.8,0.3292333416757174,0.34467497264267877
73.9,0.3292333416757174,0.34467497264267877
74.0,0.3295550423208624,0.3449966732878238
74.1,0.33019844361115247,0.3449966732878238
74.2,0.3292333416757174,0.34467497264267877
74.3,0.3295550423208624,0.34467497264267877
74.4,0.3292333416757174,0.34467497264267877
74.5,0.3295550423208624,0.3449966732878238
74.6,0.3295550423208624,0.3440315713523887
74.7,0.3295550423208624,0.34467497264267877
74.8,0.3292333416757174,0.3449966732878238
74.9,0.3292333416757174,0.3449966732878238
75.0,0.3292333416757174,0.34467497264267877
75.1,0.3292333416757174,0.3449966732878238
75.2,0.3292333416757174,0.34435327199753374
75.3,0.32987674296600744,0.34467497264267877
75.4,0.3292333416757174,0.3449966732878238
75.5,0.3292333416757174,0.34467497264267877
75.6,0.3295550423208624,0.3449966732878238
75.7,0.3295550423208624,0.34467497264267877
75.8,0.3295550423208624,0.34467497264267877
75.9,0.3295550423208624,0.34435327199753374
76.0,0.32891164103057235,0.3449966732878238
76.1,0.3295550423208624,0.34467497264267877
76.2,0.3295550423208624,0.34435327199753374
76.3,0.3295550423208624,0.34435327199753374
76.4,0.3292333416757174,0.34467497264267877
76.5,0.3295550423208624,0.34435327199753374
76.6,0.3295550423208624,0.34467497264267877
76.7,0.3295550423208624,0.34467497264267877
76.8,0.3295550423208624,0.34467497264267877
76.9,0.32987674296600744,0.34467497264267877
77.0,0.32987674296600744,0.34435327199753374
77.1,0.3292333416757174,0.3440315713523887
77.2,0.32987674296600744,0.34435327199753374
77.3,0.32891164103057235,0.34435327199753374
77.4,0.3292333416757174,0.34467497264267877
77.5,0.3292333416757174,0.34435327199753374
77.6,0.3295550423208624,0.34467497264267877
77.7,0.32891164103057235,0.34435327199753374
77.8,0.3295550423208624,0.34467497264267877
77.9,0.3295550423208624,0.3449966732878238
78.0,0.3292333416757174,0.34435327199753374
78.1,0.3292333416757174,0.34467497264267877
78.2,0.3295550423208624,0.34435327199753374
78.3,0.3292333416757174,0.34435327199753374
78.4,0.3295550423208624,0.34435327199753374
78.5,0.3292333416757174,0.3449966732878238
78.6,0.3292333416757174,0.3440315713523887
78.7,0.3292333416757174,0.34467497264267877
78.8,0.3295550423208624,0.34435327199753374
78.9,0.3292333416757174,0.34467497264267877
79.0,0.32987674296600744,0.34467497264267877
79.1,0.3295550423208624,0.34467497264267877
79.2,0.3295550423208624,0.34435327199753374
79.3,0.32891164103057235,0.34467497264267877
79.4,0.3292333416757174,0.34467497264267877
79.5,0.3295550423208624,0.34435327199753374
79.6,0.3295550423208624,0.34467497264267877
79.7,0.32987674296600744,0.34467497264267877
79.8,0.3295550423208624,0.34467497264267877
79.9,0.3292333416757174,0.34467497264267877
80.0,0.32891164103057235,0.34467497264267877
80.1,0.3295550423208624,0.34435327199753374
80.2,0.3295550423208624,0.34467497264267877
80.3,0.3295550423208624,0.3449966732878238
80.4,0.3295550423208624,0.34467497264267877
80.5,0.32987674296600744,0.34467497264267877
80.6,0.3292333416757174,0.3449966732878238
80.7,0.3292333416757174,0.34435327199753374
80.8,0.32987674296600744,0.34467497264267877
80.9,0.32891164103057235,0.34467497264267877
81.0,0.3292333416757174,0.34467497264267877
81.1,0.32891164103057235,0.34435327199753374
81.2,0.3295550423208624,0.34435327199753374
81.3,0.3295550423208624,0.34467497264267877
81.4,0.3295550423208624,0.34435327199753374
81.5,0.3292333416757174,0.34435327199753374
81.6,0.3292333416757174,0.3440315713523887
81.7,0.3295550423208624,0.34467497264267877
81.8,0.3292333416757174,0.34435327199753374
81.9,0.32987674296600744,0.34435327199753374
82.0,0.3295550423208624,0.3449966732878238
82.1,0.32987674296600744,0.34467497264267877
82.2,0.3295550423208624,0.34435327199753374
82.3,0.3295550423208624,0.34435327199753374
82.4,0.3292333416757174,0.34435327199753374
82.5,0.32891164103057235,0.34467497264267877
82.6,0.32891164103057235,0.34467497264267877
82.7,0.3295550423208624,0.34435327199753374
82.8,0.3295550423208624,0.3449966732878238
82.9,0.3295550423208624,0.34435327199753374
83.0,0.3295550423208624,0.34435327199753374
83.1,0.3292333416757174,0.3449966732878238
83.2,0.3295550423208624,0.34467497264267877
83.3,0.32987674296600744,0.34467497264267877
83.4,0.3295550423208624,0.34467497264267877
83.5,0.32891164103057235,0.34467497264267877
83.6,0.3292333416757174,0.34467497264267877
83.7,0.3295550423208624,0.34435327199753374
83.8,0.32891164103057235,0.34467497264267877
83.9,0.3292333416757174,0.34467497264267877
84.0,0.32891164103057235,0.34435327199753374
84.1,0.3295550423208624,0.34435327199753374
84.2,0.3292333416757174,0.34467497264267877
84.3,0.3292333416757174,0.34467497264267877
84.4,0.3295550423208624,0.34467497264267877
84.5,0.3292333416757174,0.34467497264267877
84.6,0.3292333416757174,0.34435327199753374
84.7,0.3295550423208624,0.34435327199753374
84.8,0.3292333416757174,0.34467497264267877
84.9,0.3292333416757174,0.34435327199753374
85.0,0.3292333416757174,0.34435327199753374
85.1,0.3292333416757174,0.34435327199753374
85.2,0.3295550423208624,0.34467497264267877
85.3,0.3292333416757174,0.34467497264267877
85.4,0.3295550423208624,0.34467497264267877
85.5,0.3292333416757174,0.34467497264267877
85.6,0.3295550423208624,0.3440315713523887
85.7,0.3292333416757174,0.34435327199753374
85.8,0.32891164103057235,0.3440315713523887
85.9,0.32891164103057235,0.34435327199753374
86.0,0.3295550423208624,0.34467497264267877
86.1,0.3295550423208624,0.3440315713523887
86.2,0.3292333416757174,0.34435327199753374
86.3,0.3292333416757174,0.3449966732878238
86.4,0.3292333416757174,0.34467497264267877
86.5,0.3292333416757174,0.34435327199753374
86.6,0.3292333416757174,0.3449966732878238
86.7,0.32891164103057235,0.34435327199753374
86.8,0.3295550423208624,0.34435327199753374
86.9,0.32891164103057235,0.34435327199753374
87.0,0.3292333416757174,0.34435327199753374
87.1,0.3295550423208624,0.34467497264267877
87.2,0.3295550423208624,0.34467497264267877
87.3,0.3295550423208624,0.34435327199753374
87.4,0.3292333416757174,0.3453183739329688
87.5,0.3292333416757174,0.34467497264267877
87.6,0.3292333416757174,0.34435327199753374
87.7,0.32987674296600744,0.34435327199753374
87.8,0.3292333416757174,0.3449966732878238
87.9,0.3292333416757174,0.34435327199753374
88.0,0.33019844361115247,0.34435327199753374
88.1,0.3292333416757174,0.34467497264267877
88.2,0.3295550423208624,0.34467497264267877
88.3,0.3295550423208624,0.34435327199753374
88.4,0.3295550423208624,0.34467497264267877
88.5,0.32891164103057235,0.34435327199753374
88.6,0.3292333416757174,0.34467497264267877
88.7,0.3295550423208624,0.34435327199753374
88.8,0.3292333416757174,0.34435327199753374
88.9,0.3292333416757174,0.34435327199753374
89.0,0.3295550423208624,0.3440315713523887
89.1,0.32987674296600744,0.3440315713523887
89.2,0.32987674296600744,0.34467497264267877
89.3,0.3292333416757174,0.34435327199753374
89.4,0.32891164103057235,0.3440315713523887
89.5,0.32891164103057235,0.3440315713523887
89.6,0.3292333416757174,0.34435327199753374
89.7,0.32891164103057235,0.34435327199753374
89.8,0.3292333416757174,0.34435327199753374
89.9,0.3295550423208624,0.34435327199753374
90.0,0.32891164103057235,0.34467497264267877
90.1,0.3295550423208624,0.34435327199753374
90.2,0.3292333416757174,0.34435327199753374
90.3,0.3292333416757174,0.34435327199753374
90.4,0.32891164103057235,0.34435327199753374
90.5,0.3295550423208624,0.34467497264267877
90.6,0.32891164103057235,0.34435327199753374
90.7,0.32891164103057235,0.34435327199753374
90.8,0.3295550423208624,0.34435327199753374
90.9,0.32891164103057235,0.3449966732878238
91.0,0.3292333416757174,0.34467497264267877
91.1,0.3292333416757174,0.34467497264267877
91.2,0.32891164103057235,0.34467497264267877
91.3,0.3295550423208624,0.34467497264267877
91.4,0.3295550423208624,0.34435327199753374
91.5,0.3292333416757174,0.34467497264267877
91.6,0.32891164103057235,0.3440315713523887
91.7,0.32891164103057235,0.34435327199753374
91.8,0.3295550423208624,0.34467497264267877
91.9,0.3295550423208624,0.34435327199753374
92.0,0.3292333416757174,0.3449966732878238
92.1,0.32891164103057235,0.34435327199753374
92.2,0.32891164103057235,0.34435327199753374
92.3,0.32891164103057235,0.34467497264267877
92.4,0.3292333416757174,0.34467497264267877
92.5,0.3295550423208624,0.34467497264267877
92.6,0.3292333416757174,0.34435327199753374
92.7,0.3295550423208624,0.34435327199753374
92.8,0.3292333416757174,0.34467497264267877
92.9,0.3295550423208624,0.34467497264267877
93.0,0.3295550423208624,0.3440315713523887
93.1,0.3292333416757174,0.3440315713523887
93.2,0.3292333416757174,0.3440315713523887
93.3,0.3292333416757174,0.34467497264267877
93.4,0.3295550423208624,0.34435327199753374
93.5,0.3295550423208624,0.3440315713523887
93.6,0.3292333416757174,0.34435327199753374
93.7,0.32891164103057235,0.34467497264267877
93.8,0.3295550423208624,0.34467497264267877
93.9,0.3295550423208624,0.3440315713523887
94.0,0.32891164103057235,0.34435327199753374
94.1,0.3292333416757174,0.34435327199753374
94.2,0.3292333416757174,0.34435327199753374
94.3,0.32891164103057235,0.34435327199753374
94.4,0.3295550423208624,0.34467497264267877
94.5,0.3292333416757174,0.34467497264267877
94.6,0.3292333416757174,0.34467497264267877
94.7,0.32891164103057235,0.34467497264267877
94.8,0.3292333416757174,0.34435327199753374
94.9,0.32891164103057235,0.34435327199753374
95.0,0.3292333416757174,0.3440315713523887
95.1,0.3285899403854273,0.3449966732878238
95.2,0.3295550423208624,0.34435327199753374
95.3,0.3292333416757174,0.34435327199753374
95.4,0.32891164103057235,0.34435327199753374
95.5,0.3292333416757174,0.3440315713523887
95.6,0.3285899403854273,0.3449966732878238
95.7,0.3295550423208624,0.34435327199753374
95.8,0.32891164103057235,0.3440315713523887
95.9,0.3292333416757174,0.3449966732878238
96.0,0.32891164103057235,0.34435327199753374
96.1,0.3295550423208624,0.34435327199753374
96.2,0.3295550423208624,0.34467497264267877
96.3,0.32891164103057235,0.34435327199753374
96.4,0.32891164103057235,0.34467497264267877
96.5,0.32891164103057235,0.3437098707072437
96.6,0.32891164103057235,0.3437098707072437
96.7,0.32891164103057235,0.3449966732878238
96.8,0.3292333416757174,0.34435327199753374
96.9,0.32891164103057235,0.3440315713523887
97.0,0.32891164103057235,0.34435327199753374
97.1,0.3285899403854273,0.34435327199753374
97.2,0.3292333416757174,0.34435327199753374
97.3,0.32891164103057235,0.34435327199753374
97.4,0.3292333416757174,0.34435327199753374
97.5,0.32987674296600744,0.3440315713523887
97.6,0.32891164103057235,0.3440315713523887
97.7,0.32891164103057235,0.34435327199753374
97.8,0.3292333416757174,0.34435327199753374
97.9,0.3292333416757174,0.3440315713523887
98.0,0.3295550423208624,0.34435327199753374
98.1,0.3295550423208624,0.34435327199753374
98.2,0.32891164103057235,0.34435327199753374
98.3,0.3292333416757174,0.3440315713523887
98.4,0.3292333416757174,0.34435327199753374
98.5,0.3295550423208624,0.3437098707072437
98.6,0.3292333416757174,0.34467497264267877
98.7,0.32891164103057235,0.34435327199753374
98.8,0.3285899403854273,0.3440315713523887
98.9,0.3295550423208624,0.3440315713523887
99.0,0.3292333416757174,0.34435327199753374
99.1,0.3292333416757174,0.34435327199753374
99.2,0.32891164103057235,0.3440315713523887
99.3,0.3292333416757174,0.34467497264267877
99.4,0.32891164103057235,0.34435327199753374
99.5,0.32891164103057235,0.34435327199753374
99.6,0.32891164103057235,0.34435327199753374
99.7,0.32891164103057235,0.34435327199753374
99.8,0.32891164103057235,0.34435327199753374
99.9,0.32891164103057235,0.34467497264267877
100.0,0.32891164103057235,0.34435327199753374
100.1,0.32891164103057235,0.34435327199753374
100.2,0.32891164103057235,0.3440315713523887
100.3,0.3292333416757174,0.34435327199753374
100.4,0.32891164103057235,0.3440315713523887
100.5,0.32891164103057235,0.34467497264267877
100.6,0.3285899403854273,0.34435327199753374
100.7,0.3292333416757174,0.34435327199753374
100.8,0.3292333416757174,0.3437098707072437
100.9,0.32891164103057235,0.34467497264267877
101.0,0.32891164103057235,0.34467497264267877
101.1,0.3292333416757174,0.34435327199753374
101.2,0.3292333416757174,0.3440315713523887
101.3,0.3292333416757174,0.3449966732878238
101.4,0.3292333416757174,0.3440315713523887
101.5,0.32891164103057235,0.34435327199753374
101.6,0.32891164103057235,0.3437098707072437
101.7,0.3292333416757174,0.34467497264267877
101.8,0.3285899403854273,0.3437098707072437
101.9,0.3292333416757174,0.3440315713523887
102.0,0.32891164103057235,0.3440315713523887
102.1,0.32891164103057235,0.34435327199753374
102.2,0.32891164103057235,0.34435327199753374
102.3,0.3285899403854273,0.34435327199753374
102.4,0.32891164103057235,0.34467497264267877
102.5,0.3292333416757174,0.3440315713523887
102.6,0.3292333416757174,0.3440315713523887
102.7,0.32891164103057235,0.34435327199753374
102.8,0.32891164103057235,0.3440315713523887
102.9,0.32891164103057235,0.34467497264267877
103.0,0.3285899403854273,0.34435327199753374
103.1,0.3292333416757174,0.34467497264267877
103.2,0.3292333416757174,0.3440315713523887
103.3,0.3292333416757174,0.34467497264267877
103.4,0.32891164103057235,0.34435327199753374
103.5,0.32891164103057235,0.34435327199753374
103.6,0.3295550423208624,0.34435327199753374
103.7,0.3295550423208624,0.3440315713523887
103.8,0.3292333416757174,0.34467497264267877
103.9,0.3292333416757174,0.3437098707072437
104.0,0.3285899403854273,0.34467497264267877
104.1,0.32891164103057235,0.34435327199753374
104.2,0.32891164103057235,0.34467497264267877
104.3,0.3292333416757174,0.34467497264267877
104.4,0.32891164103057235,0.34467497264267877
104.5,0.3292333416757174,0.34435327199753374
104.6,0.3292333416757174,0.34435327199753374
104.7,0.32891164103057235,0.3440315713523887
104.8,0.32891164103057235,0.3440315713523887
104.9,0.3292333416757174,0.3440315713523887
105.0,0.32891164103057235,0.3440315713523887
105.1,0.3292333416757174,0.34435327199753374
105.2,0.32891164103057235,0.34435327199753374
105.3,0.32891164103057235,0.34435327199753374
105.4,0.3292333416757174,0.34435327199753374
105.5,0.32891164103057235,0.34435327199753374
105.6,0.3292333416757174,0.3437098707072437
105.7,0.3292333416757174,0.34435327199753374
105.8,0.32891164103057235,0.34435327199753374
105.9,0.3292333416757174,0.3440315713523887
106.0,0.32891164103057235,0.3440315713523887
106.1,0.3285899403854273,0.34435327199753374
106.2,0.32891164103057235,0.3440315713523887
106.3,0.32891164103057235,0.3440315713523887
106.4,0.32891164103057235,0.34435327199753374
106.5,0.3285899403854273,0.3440315713523887
106.6,0.3295550423208624,0.3440315713523887
106.7,0.32891164103057235,0.3440315713523887
106.8,0.32891164103057235,0.3440315713523887
106.9,0.3282682397402823,0.34435327199753374
107.0,0.32891164103057235,0.34435327199753374
107.1,0.3292333416757174,0.3440315713523887
107.2,0.32891164103057235,0.34435327199753374
107.3,0.3292333416757174,0.34435327199753374
107.4,0.32891164103057235,0.3437098707072437
107.5,0.3292333416757174,0.3440315713523887
107.6,0.3282682397402823,0.3440315713523887
107.7,0.3285899403854273,0.34467497264267877
107.8,0.32891164103057235,0.3440315713523887
107.9,0.3292333416757174,0.34435327199753374
108.0,0.3292333416757174,0.3440315713523887
108.1,0.3292333416757174,0.34435327199753374
108.2,0.32891164103057235,0.3440315713523887
108.3,0.32891164103057235,0.3440315713523887
108.4,0.32891164103057235,0.34435327199753374
108.5,0.3292333416757174,0.3440315713523887
108.6,0.3295550423208624,0.34435327199753374
108.7,0.32891164103057235,0.34435327199753374
108.8,0.3282682397402823,0.34435327199753374
108.9,0.32891164103057235,0.3440315713523887
109.0,0.3292333416757174,0.3440315713523887
109.1,0.32891164103057235,0.3440315713523887
109.2,0.3292333416757174,0.34467497264267877
109.3,0.3292333416757174,0.3440315713523887
109.4,0.32891164103057235,0.3440315713523887
109.5,0.32891164103057235,0.34435327199753374
109.6,0.3292333416757174,0.3440315713523887
109.7,0.32891164103057235,0.34435327199753374
109.8,0.32987674296600744,0.34435327199753374
109.9,0.32891164103057235,0.34435327199753374
110.0,0.3285899403854273,0.34435327199753374
110.1,0.32891164103057235,0.34435327199753374
110.2,0.32891164103057235,0.34435327199753374
110.3,0.3292333416757174,0.3440315713523887
110.4,0.3285899403854273,0.3440315713523887
110.5,0.32891164103057235,0.34435327199753374
110.6,0.3292333416757174,0.34435327199753374
110.7,0.3285899403854273,0.3437098707072437
110.8,0.32891164103057235,0.34435327199753374
110.9,0.32891164103057235,0.3440315713523887
111.0,0.32891164103057235,0.3440315713523887
111.1,0.3292333416757174,0.34467497264267877
111.2,0.3292333416757174,0.3440315713523887
111.3,0.32891164103057235,0.3440315713523887
111.4,0.3292333416757174,0.34467497264267877
111.5,0.3295550423208624,0.3440315713523887
111.6,0.32891164103057235,0.3440315713523887
111.7,0.32891164103057235,0.34338817006209865
111.8,0.32987674296600744,0.34467497264267877
111.9,0.32891164103057235,0.3440315713523887
112.0,0.32891164103057235,0.3440315713523887
112.1,0.3292333416757174,0.34435327199753374
112.2,0.32891164103057235,0.3437098707072437
112.3,0.32891164103057235,0.3440315713523887
112.4,0.3282682397402823,0.34435327199753374
112.5,0.32891164103057235,0.34467497264267877
112.6,0.3292333416757174,0.34435327199753374
112.7,0.3295550423208624,0.3440315713523887
112.8,0.3292333416757174,0.3440315713523887
112.9,0.32891164103057235,0.34435327199753374
113.0,0.32891164103057235,0.3440315713523887
113.1,0.3292333416757174,0.34435327199753374
113.2,0.32891164103057235,0.34435327199753374
113.3,0.3285899403854273,0.34435327199753374
113.4,0.32891164103057235,0.34435327199753374
113.5,0.32891164103057235,0.34467497264267877
113.6,0.3292333416757174,0.3440315713523887
113.7,0.3292333416757174,0.34435327199753374
113.8,0.3292333416757174,0.3440315713523887
113.9,0.3295550423208624,0.3440315713523887
114.0,0.32891164103057235,0.3440315713523887
114.1,0.32891164103057235,0.34467497264267877
114.2,0.32891164103057235,0.34435327199753374
114.3,0.32891164103057235,0.34435327199753374
114.4,0.32891164103057235,0.3440315713523887
114.5,0.3292333416757174,0.34435327199753374
114.6,0.3292333416757174,0.3437098707072437
114.7,0.3292333416757174,0.3437098707072437
114.8,0.32891164103057235,0.3440315713523887
114.9,0.32891164103057235,0.3437098707072437
115.0,0.32891164103057235,0.3440315713523887
115.1,0.32891164103057235,0.3440315713523887
115.2,0.3292333416757174,0.3440315713523887
115.3,0.32891164103057235,0.34435327199753374
115.4,0.32891164103057235,0.3440315713523887
115.5,0.3292333416757174,0.3440315713523887
115.6,0.32891164103057235,0.3437098707072437
115.7,0.32891164103057235,0.34435327199753374
115.8,0.32891164103057235,0.34435327199753374
115.9,0.32891164103057235,0.34435327199753374
116.0,0.3285899403854273,0.34467497264267877
116.1,0.3292333416757174,0.3437098707072437
116.2,0.32891164103057235,0.34435327199753374
116.3,0.3292333416757174,0.3440315713523887
116.4,0.3292333416757174,0.3440315713523887
116.5,0.3292333416757174,0.3440315713523887
116.6,0.3292333416757174,0.34435327199753374
116.7,0.32891164103057235,0.3440315713523887
116.8,0.32891164103057235,0.3440315713523887
116.9,0.3292333416757174,0.34435327199753374
117.0,0.3292333416757174,0.3440315713523887
117.1,0.3292333416757174,0.3440315713523887
117.2,0.32891164103057235,0.34467497264267877
117.3,0.32891164103057235,0.3437098707072437
117.4,0.32891164103057235,0.34435327199753374
117.5,0.3285899403854273,0.34435327199753374
117.6,0.32891164103057235,0.3440315713523887
117.7,0.3285899403854273,0.3437098707072437
117.8,0.32891164103057235,0.34435327199753374
117.9,0.32891164103057235,0.34435327199753374
118.0,0.32891164103057235,0.34435327199753374
118.1,0.32891164103057235,0.3440315713523887
118.2,0.3295550423208624,0.34467497264267877
118.3,0.3285899403854273,0.34435327199753374
118.4,0.32891164103057235,0.34435327199753374
118.5,0.3292333416757174,0.3440315713523887
118.6,0.3292333416757174,0.34435327199753374
118.7,0.32891164103057235,0.3437098707072437
118.8,0.32891164103057235,0.3440315713523887
118.9,0.3285899403854273,0.3440315713523887
119.0,0.32891164103057235,0.3440315713523887
119.1,0.32891164103057235,0.3440315713523887
119.2,0.32891164103057235,0.3440315713523887
119.3,0.3292333416757174,0.34435327199753374
119.4,0.3292333416757174,0.34435327199753374
119.5,0.3282682397402823,0.34435327199753374
119.6,0.3285899403854273,0.3440315713523887
119.7,0.3285899403854273,0.34467497264267877
119.8,0.3292333416757174,0.34435327199753374
119.9,0.32891164103057235,0.34435327199753374
120.0,0.3292333416757174,0.3440315713523887
120.1,0.3292333416757174,0.3440315713523887
120.2,0.3285899403854273,0.3440315713523887
120.3,0.32891164103057235,0.3440315713523887
120.4,0.32891164103057235,0.3440315713523887
120.5,0.3295550423208624,0.34435327199753374
120.6,0.3292333416757174,0.3440315713523887
120.7,0.3285899403854273,0.34435327199753374
120.8,0.3292333416757174,0.34435327199753374
120.9,0.32891164103057235,0.34435327199753374
121.0,0.32891164103057235,0.34435327199753374
121.1,0.32891164103057235,0.3437098707072437
121.2,0.32891164103057235,0.3437098707072437
121.3,0.3285899403854273,0.3437098707072437
121.4,0.3292333416757174,0.34435327199753374
121.5,0.32891164103057235,0.34435327199753374
121.6,0.3285899403854273,0.3440315713523887
121.7,0.32891164103057235,0.3440315713523887
121.8,0.32891164103057235,0.34435327199753374
121.9,0.32891164103057235,0.3440315713523887
122.0,0.32891164103057235,0.3440315713523887
122.1,0.3292333416757174,0.3440315713523887
122.2,0.3285899403854273,0.3437098707072437
122.3,0.3292333416757174,0.34467497264267877
122.4,0.32891164103057235,0.3440315713523887
122.5,0.32891164103057235,0.34467497264267877
122.6,0.3285899403854273,0.3440315713523887
122.7,0.3292333416757174,0.34467497264267877
122.8,0.32891164103057235,0.3437098707072437
122.9,0.3292333416757174,0.3440315713523887
123.0,0.32891164103057235,0.34435327199753374
123.1,0.32891164103057235,0.3437098707072437
123.2,0.32891164103057235,0.3440315713523887
123.3,0.3285899403854273,0.34435327199753374
123.4,0.32891164103057235,0.3437098707072437
123.5,0.32891164103057235,0.3440315713523887
123.6,0.32891164103057235,0.34435327199753374
123.7,0.32891164103057235,0.34338817006209865
123.8,0.3282682397402823,0.3437098707072437
123.9,0.32891164103057235,0.34435327199753374
124.0,0.32891164103057235,0.3440315713523887
124.1,0.3285899403854273,0.3440315713523887
124.2,0.32891164103057235,0.3440315713523887
124.3,0.3285899403854273,0.3440315713523887
124.4,0.3292333416757174,0.3437098707072437
124.5,0.32891164103057235,0.34435327199753374
124.6,0.32891164103057235,0.3440315713523887
124.7,0.3285899403854273,0.3440315713523887
124.8,0.32891164103057235,0.34467497264267877
124.9,0.32891164103057235,0.3437098707072437
125.0,0.3285899403854273,0.3440315713523887
125.1,0.32891164103057235,0.34435327199753374
125.2,0.32891164103057235,0.3437098707072437
125.3,0.32891164103057235,0.34435327199753374
125.4,0.32891164103057235,0.3440315713523887
125.5,0.3292333416757174,0.3440315713523887
125.6,0.3292333416757174,0.3440315713523887
125.7,0.32891164103057235,0.3437098707072437
125.8,0.3282682397402823,0.3440315713523887
125.9,0.3292333416757174,0.3440315713523887
126.0,0.32891164103057235,0.3440315713523887
126.1,0.32891164103057235,0.3440315713523887
126.2,0.32891164103057235,0.34435327199753374
126.3,0.3292333416757174,0.34435327199753374
126.4,0.3282682397402823,0.34435327199753374
126.5,0.3292333416757174,0.3440315713523887
126.6,0.3285899403854273,0.3437098707072437
126.7,0.3282682397402823,0.34435327199753374
126.8,0.3282682397402823,0.34435327199753374
126.9,0.3292333416757174,0.3440315713523887
127.0,0.3285899403854273,0.3440315713523887
127.1,0.32891164103057235,0.34435327199753374
127.2,0.32891164103057235,0.3440315713523887
127.3,0.3285899403854273,0.34435327199753374
127.4,0.3285899403854273,0.3440315713523887
127.5,0.3285899403854273,0.3440315713523887
127.6,0.3282682397402823,0.34467497264267877
127.7,0.32891164103057235,0.3440315713523887
127.8,0.32891164103057235,0.34435327199753374
127.9,0.32891164103057235,0.3440315713523887
128.0,0.3292333416757174,0.3440315713523887
128.1,0.3292333416757174,0.3440315713523887
128.2,0.32891164103057235,0.3440315713523887
128.3,0.32891164103057235,0.3440315713523887
128.4,0.3285899403854273,0.34435327199753374
128.5,0.3292333416757174,0.3437098707072437
128.6,0.32891164103057235,0.3437098707072437
128.7,0.3285899403854273,0.3437098707072437
128.8,0.3285899403854273,0.3440315713523887
128.9,0.3285899403854273,0.3440315713523887
129.0,0.3292333416757174,0.3440315713523887
129.1,0.3292333416757174,0.3437098707072437
129.2,0.3285899403854273,0.3437098707072437
129.3,0.3285899403854273,0.3440315713523887
129.4,0.3285899403854273,0.3437098707072437
129.5,0.3285899403854273,0.3437098707072437
129.6,0.32891164103057235,0.3437098707072437
129.7,0.3292333416757174,0.3440315713523887
129.8,0.3285899403854273,0.34338817006209865
129.9,0.32891164103057235,0.3440315713523887
130.0,0.3285899403854273,0.34435327199753374
130.1,0.32891164103057235,0.3440315713523887
130.2,0.32891164103057235,0.3440315713523887
130.3,0.32891164103057235,0.34435327199753374
130.4,0.3285899403854273,0.3437098707072437
130.5,0.3285899403854273,0.34435327199753374
130.6,0.32891164103057235,0.34338817006209865
130.7,0.32891164103057235,0.3440315713523887
130.8,0.3282682397402823,0.3440315713523887
130.9,0.3282682397402823,0.3437098707072437
131.0,0.3292333416757174,0.3437098707072437
131.1,0.3285899403854273,0.3437098707072437
131.2,0.32891164103057235,0.3440315713523887
131.3,0.3285899403854273,0.34435327199753374
131.4,0.3285899403854273,0.3437098707072437
131.5,0.32891164103057235,0.34435327199753374
131.6,0.3292333416757174,0.34435327199753374
131.7,0.3282682397402823,0.34338817006209865
131.8,0.3292333416757174,0.3437098707072437
131.9,0.3285899403854273,0.34435327199753374
